{
  "reference_seasons": [
    2024,
    2025
  ],
  "n_reference_units": 703,
  "feature_sd": {
    "swing_path_tilt": 6.83503451276603,
    "swing_length": 0.861935029489384,
    "bat_speed": 5.5175234879030235,
    "vert_attack_angle": 10.526251267392581,
    "horz_attack_angle": 17.263244471212992
  },
  "expansiveness_mean": 2.9024590327169273,
  "expansiveness_std": 1.2321110771975508,
  "expansiveness_sorted": [
    0.0,
    0.0,
    0.0,
    0.0,
    0.0,
    0.0,
    0.0,
    0.0,
    0.0,
    0.0,
    0.0,
    0.0,
    0.0,
    0.0,
    0.0,
    0.0,
    0.0,
    0.0,
    0.0,
    0.0,
    0.0,
    0.0,
    0.0,
    0.0,
    0.0,
    0.0,
    0.0,
    0.0,
    0.0,
    0.0,
    0.0,
    0.0,
    0.0,
    0.0,
    0.0,
    0.0,
    0.0,
    0.0,
    0.0,
    0.0,
    0.0,
    0.0,
    0.0,
    0.0,
    0.0,
    0.0,
    0.0,
    0.0,
    0.0,
    0.0,
    0.0,
    0.0,
    0.0,
    0.0,
    0.0,
    0.0,
    0.0,
    0.0,
    0.0,
    0.0,
    0.0,
    0.0,
    0.0,
    0.0,
    0.0,
    0.0,
    0.0,
    0.0,
    0.0,
    0.0,
    0.0,
    0.0,
    0.0,
    0.0,
    0.0,
    0.0,
    0.0,
    0.0,
    0.0,
    0.0,
    0.0,
    0.0,
    0.0,
    0.0,
    0.0,
    0.0,
    0.0,
    0.0,
    0.0,
    0.0,
    0.0,
    1.5525,
    1.6933,
    1.9153,
    1.9618,
    2.0326,
    2.0339,
    2.0513,
    2.0577,
    2.0942,
    2.1459,
    2.2129,
    2.2432,
    2.2781,
    2.28,
    2.2984,
    2.3788,
    2.3815,
    2.403,
    2.4154,
    2.4163,
    2.4212,
    2.4227,
    2.4257,
    2.4364,
    2.4387,
    2.4522,
    2.475,
    2.4755,
    2.4769,
    2.4799,
    2.5059,
    2.5264,
    2.5293,
    2.53,
    2.5372,
    2.5385,
    2.5512,
    2.5556,
    2.5591,
    2.5614,
    2.5663,
    2.5742,
    2.5744,
    2.5837,
    2.5969,
    2.5989,
    2.6047,
    2.6138,
    2.6157,
    2.6182,
    2.621,
    2.6248,
    2.6312,
    2.6363,
    2.6454,
    2.6521,
    2.668,
    2.6802,
    2.6833,
    2.6844,
    2.6872,
    2.6955,
    2.7022,
    2.7137,
    2.7259,
    2.7407,
    2.7407,
    2.7409,
    2.7459,
    2.7497,
    2.7514,
    2.7541,
    2.756,
    2.7561,
    2.7583,
    2.759,
    2.7603,
    2.7655,
    2.7716,
    2.774,
    2.7755,
    2.7765,
    2.7811,
    2.7841,
    2.7859,
    2.7868,
    2.7899,
    2.7913,
    2.7939,
    2.7941,
    2.7976,
    2.7994,
    2.8011,
    2.8061,
    2.8064,
    2.8116,
    2.8125,
    2.8148,
    2.82,
    2.8232,
    2.8332,
    2.8345,
    2.839,
    2.8393,
    2.8427,
    2.8436,
    2.8449,
    2.8467,
    2.8476,
    2.8571,
    2.8633,
    2.8635,
    2.8642,
    2.8647,
    2.8655,
    2.8683,
    2.8686,
    2.87,
    2.8702,
    2.8702,
    2.8709,
    2.8747,
    2.8762,
    2.8764,
    2.8793,
    2.8802,
    2.8836,
    2.8867,
    2.8978,
    2.9008,
    2.902,
    2.9032,
    2.9058,
    2.9096,
    2.9121,
    2.9123,
    2.9174,
    2.9186,
    2.9195,
    2.9211,
    2.9227,
    2.9298,
    2.931,
    2.9348,
    2.9368,
    2.9373,
    2.9394,
    2.9402,
    2.9436,
    2.949,
    2.9516,
    2.9553,
    2.9582,
    2.9651,
    2.9654,
    2.9745,
    2.9757,
    2.9774,
    2.9778,
    2.9789,
    2.9817,
    2.9818,
    2.9852,
    2.9936,
    2.9973,
    2.9982,
    2.9992,
    3.0002,
    3.0008,
    3.0065,
    3.0072,
    3.0099,
    3.0118,
    3.015,
    3.016,
    3.021,
    3.0224,
    3.0254,
    3.0273,
    3.0287,
    3.0292,
    3.0313,
    3.0342,
    3.0343,
    3.0347,
    3.0443,
    3.0458,
    3.052,
    3.0534,
    3.0551,
    3.0594,
    3.064,
    3.0644,
    3.0649,
    3.0662,
    3.071,
    3.0746,
    3.0747,
    3.0752,
    3.0752,
    3.0756,
    3.0782,
    3.0797,
    3.0804,
    3.0835,
    3.0839,
    3.0842,
    3.0895,
    3.0914,
    3.0926,
    3.0943,
    3.0945,
    3.0954,
    3.0966,
    3.0973,
    3.0984,
    3.1007,
    3.1016,
    3.1043,
    3.1066,
    3.1097,
    3.1105,
    3.1135,
    3.1145,
    3.1161,
    3.1163,
    3.1184,
    3.1237,
    3.1266,
    3.1273,
    3.1288,
    3.1306,
    3.1306,
    3.1307,
    3.1368,
    3.1374,
    3.1379,
    3.1384,
    3.1396,
    3.1409,
    3.1446,
    3.1467,
    3.147,
    3.1475,
    3.1503,
    3.153,
    3.1532,
    3.1544,
    3.1579,
    3.1632,
    3.1657,
    3.173,
    3.1756,
    3.1769,
    3.1782,
    3.1833,
    3.1834,
    3.184,
    3.1873,
    3.188,
    3.1886,
    3.1905,
    3.1928,
    3.1931,
    3.1934,
    3.1964,
    3.1983,
    3.2044,
    3.205,
    3.2072,
    3.2081,
    3.2095,
    3.2102,
    3.2204,
    3.224,
    3.2246,
    3.2293,
    3.2372,
    3.2379,
    3.2432,
    3.2453,
    3.246,
    3.249,
    3.2531,
    3.2558,
    3.2567,
    3.2573,
    3.2606,
    3.2636,
    3.2647,
    3.2663,
    3.2672,
    3.2685,
    3.2694,
    3.2695,
    3.27,
    3.2701,
    3.2724,
    3.2758,
    3.2765,
    3.2827,
    3.285,
    3.2854,
    3.2885,
    3.2944,
    3.295,
    3.2956,
    3.2959,
    3.2965,
    3.2993,
    3.3001,
    3.3008,
    3.3027,
    3.3033,
    3.3034,
    3.3058,
    3.3074,
    3.3084,
    3.3093,
    3.31,
    3.3169,
    3.3178,
    3.318,
    3.3195,
    3.324,
    3.3298,
    3.3384,
    3.3409,
    3.3441,
    3.3442,
    3.3489,
    3.3494,
    3.3509,
    3.3545,
    3.3572,
    3.3577,
    3.3609,
    3.3622,
    3.3638,
    3.3651,
    3.3661,
    3.376,
    3.3794,
    3.3801,
    3.3813,
    3.3829,
    3.3963,
    3.3976,
    3.3983,
    3.3988,
    3.399,
    3.4001,
    3.401,
    3.402,
    3.4033,
    3.4037,
    3.4059,
    3.4081,
    3.4116,
    3.4197,
    3.4234,
    3.4234,
    3.4243,
    3.4244,
    3.4261,
    3.4266,
    3.4266,
    3.4282,
    3.4312,
    3.4326,
    3.4336,
    3.4339,
    3.4341,
    3.4359,
    3.4403,
    3.4408,
    3.444,
    3.4447,
    3.4501,
    3.4527,
    3.4567,
    3.4568,
    3.4592,
    3.4606,
    3.4616,
    3.4632,
    3.4696,
    3.4767,
    3.4805,
    3.4806,
    3.4809,
    3.482,
    3.483,
    3.4881,
    3.4917,
    3.4992,
    3.4992,
    3.5037,
    3.5078,
    3.5095,
    3.5145,
    3.5146,
    3.5152,
    3.5197,
    3.5203,
    3.5211,
    3.5241,
    3.5291,
    3.5332,
    3.5419,
    3.542,
    3.545,
    3.5468,
    3.5551,
    3.5563,
    3.5588,
    3.5612,
    3.5667,
    3.568,
    3.5697,
    3.572,
    3.5778,
    3.5792,
    3.5826,
    3.5828,
    3.5865,
    3.5894,
    3.5949,
    3.5991,
    3.6042,
    3.6046,
    3.6097,
    3.6118,
    3.613,
    3.6139,
    3.6161,
    3.6242,
    3.6259,
    3.6294,
    3.6295,
    3.6315,
    3.6338,
    3.6361,
    3.6367,
    3.6447,
    3.6493,
    3.6553,
    3.6559,
    3.669,
    3.6692,
    3.6701,
    3.6708,
    3.6714,
    3.6714,
    3.6726,
    3.6762,
    3.6789,
    3.684,
    3.6846,
    3.6856,
    3.6867,
    3.6884,
    3.6904,
    3.6908,
    3.6967,
    3.7026,
    3.7032,
    3.7078,
    3.7119,
    3.714,
    3.7154,
    3.7158,
    3.716,
    3.7188,
    3.7224,
    3.7246,
    3.7256,
    3.726,
    3.7275,
    3.7298,
    3.7301,
    3.7342,
    3.7355,
    3.7396,
    3.7503,
    3.7533,
    3.7592,
    3.7624,
    3.7653,
    3.7673,
    3.775,
    3.7773,
    3.7781,
    3.7908,
    3.7997,
    3.802,
    3.8024,
    3.8085,
    3.8185,
    3.8265,
    3.8268,
    3.8351,
    3.8387,
    3.8446,
    3.8525,
    3.8658,
    3.8715,
    3.8716,
    3.8726,
    3.8764,
    3.8815,
    3.8877,
    3.8989,
    3.901,
    3.9072,
    3.912,
    3.9146,
    3.9196,
    3.9216,
    3.9313,
    3.9334,
    3.9359,
    3.9387,
    3.9389,
    3.948,
    3.9483,
    3.9522,
    3.9574,
    3.9592,
    3.9617,
    3.9649,
    3.9657,
    3.9673,
    3.9737,
    3.9742,
    3.975,
    3.9752,
    3.9762,
    3.9902,
    3.9956,
    3.9978,
    4.0009,
    4.0055,
    4.0068,
    4.0126,
    4.0188,
    4.0212,
    4.0376,
    4.0446,
    4.0543,
    4.0641,
    4.0667,
    4.0771,
    4.0851,
    4.0858,
    4.086,
    4.0888,
    4.0894,
    4.1088,
    4.112,
    4.1218,
    4.1243,
    4.134,
    4.1395,
    4.142,
    4.1496,
    4.1544,
    4.1713,
